CityMunRes,CityMunCoord
DUMAGUETE CITY (CAPITAL),"14.651068321895105, 121.03147238313927"
PANGLAO,"9.5791851, 123.7452642"
CAINTA,"14.5780161, 121.1163072"
SANTO TOMAS,"14.1078443, 121.1453304"
CITY OF MAKATI,"14.5567949, 121.0211226"
CITY OF MARIKINA,"14.630753, 121.09778851063552"
PASAY CITY,"6.9406291, 122.0390242"
CITY OF SAN JUAN,"14.6044363, 121.0299469"
CITY OF PASIG,"14.5605166, 121.0764343"
QUEZON CITY,"14.6510546, 121.0486254"
IMUS CITY,"14.42856915, 120.9358995718025"
CITY OF MANILA,"14.5904492, 120.9803621"
CITY OF SAN JOSE DEL MONTE,"14.7857438, 121.07575134259704"
LIBMANAN,"13.6960365, 123.0612123"
CAPAS,"15.3360344, 120.589583"
SURIGAO CITY (CAPITAL),"14.7490009, 121.0675339"
TAYASAN,"9.9225873, 123.1715067"
CITY OF LAS PIÑAS,"14.41754225, 121.01055016442643"
CALOOCAN CITY,"14.651348, 120.9724002"
CITY OF MANDALUYONG,"14.56878165, 121.03543266084853"
BATANGAS CITY (CAPITAL),"14.620583354215835, 120.98384670149858"
CITY OF PARAÑAQUE,"14.491017450000001, 120.9897140739387"
ORANI,"14.8012181, 120.5362038"
PORAC,"15.0726482, 120.5430211"
TAGUIG CITY,"14.531545900000001, 121.0665255513844"
CITY OF DASMARIÑAS,"14.3270819, 120.9370871"
CITY OF ANTIPOLO (CAPITAL),"14.6240871, 120.97102319999999"
LIPA CITY,"13.9416478, 121.1380734"
CITY OF SAN FERNANDO (CAPITAL),"15.067632, 120.648920"
CITY OF SANTA ROSA,"14.3146042, 121.1137004"
FLORIDABLANCA,"14.9745982, 120.5277236"
SILANG,"14.223624, 120.9741497"
GUIGUINTO,"14.828214, 120.878786"
BACOOR CITY,"14.44458075, 120.95028949981072"
CITY OF MUNTINLUPA,"14.3892634, 121.0449101"
BALIUAG,"14.9542259, 120.9009172"
CEBU CITY (CAPITAL),"14.667730477295706, 120.99884633601182"
MARAWI CITY (CAPITAL),"14.7485591, 121.0682355"
TANZA,"14.400675, 120.8572845"
TAYTAY,"14.5587089, 121.1359659"
CITY OF VALENZUELA,"14.6916903, 120.9694534"
PUERTO PRINCESA CITY (CAPITAL),"9.7638, 118.7473"
PATEROS,"14.5447555, 121.067134"
GUIMBAL,"10.6615215, 122.3228567"
ROSARIO,"13.8454343, 121.2063502"
SAN MATEO,"14.6951949, 121.1174024"
TUGUEGARAO CITY (CAPITAL),"17.6132, 121.7270"
CABANATUAN CITY,"15.4846019, 120.97577980460778"
SAN ISIDRO,"9.8595624, 123.9562221"
CABA,"16.4318378, 120.3456178"
CITY OF TANAUAN,"14.0853283, 121.1528222"
SANTA MARIA,"14.8187993, 120.9607117"
SAN ILDEFONSO,"15.0781219, 120.9398068"
DAVAO CITY,"7.0648306, 125.6080623"
CITY OF GENERAL TRIAS,"14.386013, 120.8802597"
LIMAY,"14.5625242, 120.5949559"
BACOLOD CITY (CAPITAL),"14.647321349949216, 121.02926210430036"
CITY OF SAN PEDRO,"14.3639435, 121.056771"
NASUGBU,"14.0732606, 120.6326603"
PANDI,"14.874565350000001, 120.94705219573811"
CABUYAO CITY,"14.2795538, 121.1235712"
JALA-JALA,"14.638349796350239, 120.97535522292819"
RODRIGUEZ (MONTALBAN),"14.7324642, 121.1453418"
BULACAN,"15.0, 121.083333"
CITY OF CALAMBA,"14.2060217, 121.1556496"
BINANGONAN,"14.4647563, 121.1923358"
NAIC,"14.3191837, 120.764254"
CITY OF MALABON,"14.386013, 120.8802597"
CITY OF MALOLOS (CAPITAL),"14.8527, 120.8160"
SARIAYA,"13.9629837, 121.5243402"
ILIGAN CITY,"14.328436394589897, 121.03134717912805"
INDANG,"14.1958306, 120.8784148"
LUCENA CITY (CAPITAL),"14.76654115, 121.0721219391854"
ORION,"14.62157, 120.5772317"
GENERAL MAMERTO NATIVIDAD,"15.6030982, 121.0508107"
BOAC (CAPITAL),"13.3941, 121.8790"
CITY OF BIÑAN,"14.3388259, 121.0841826"
ZAMBOANGA CITY,"6.9046876, 122.0764868"
CARMONA,"14.3134763, 121.0573969"
ILOILO CITY (CAPITAL),"10.706899150000002, 122.56659327300615"
TORRIJOS,"13.3203645, 122.0859961"
BACOLOR,"14.9965611, 120.6513934"
COTABATO CITY,"7.2237628, 124.2467062"
CAGAYAN DE ORO CITY (CAPITAL),"14.4388021, 121.03029215000001"
LAMBAYONG (MARIANO MARCOS),"6.8013784, 124.6331173"
ROSALES,"15.8924255, 120.6329883"
TUAO,"17.7341301, 121.4555256"
LUMBAN,"14.2974791, 121.4590515"
LOS BAÑOS,"14.1775648, 121.2214303"
BAGUIO CITY,"16.4119905, 120.5933719"
CITY OF GAPAN,"15.29258665, 120.94786345095467"
MALASIQUI,"15.9199144, 120.4138181"
SAN ANTONIO,"13.8962195, 121.2931059"
GATTARAN,"18.0603315, 121.6414943"
PANIQUI,"15.6686544, 120.5858177"
MACABEBE,"14.9081836, 120.7149803"
GERONA,"15.6069315, 120.5985733"
ALFONSO,"14.1380464, 120.8554205"
CITY OF MEYCAUAYAN,"14.7404848, 120.9640845087953"
BAYAMBANG,"15.8088028, 120.4540746"
BACACAY,"13.2926072, 123.7912494"
LEGAZPI CITY (CAPITAL),"14.5541121, 121.0175139"
ECHAGUE,"16.70536, 121.6749455"
MILAOR,"13.5958839, 123.1780699"
CARDONA,"14.4849786, 121.2310927"
SOLANO,"16.5180604, 121.1806163"
BAROTAC NUEVO,"10.893967, 122.7033863"
MALAY,"11.9000941, 121.9099"
MARAGONDON,"14.2741589, 120.7350728"
ABUCAY,"14.7213146, 120.5348704"
ALITAGTAG,"13.8657814, 121.0058843"
CABANGAN,"15.1589463, 120.0554631"
SAMAL,"7.0780265, 125.7120437"
BOCAUE,"14.7954178, 120.9253578"
OLONGAPO CITY,"14.8314675, 120.2835205"
MARILAO,"14.7740516, 120.9593854"
LIBACAO,"11.480692, 122.3024183"
MABINI,"13.7479007, 120.9407657"
MONCADA,"15.7336884, 120.5726987"
KALIBO (CAPITAL),"11.7067094, 122.37150410402995"
ALICIA,"9.8984336, 124.4407729"
MORONG,"14.5151374, 121.2380858"
CITY OF CALAPAN (CAPITAL),"13.3771, 121.1646"
MIAGAO,"10.6410895, 122.2355455"
SAN JOSE,"15.7917408, 120.989145"
MARIVELES,"14.411233450000001, 120.41440049331126"
SAN MIGUEL,"15.1405274, 120.9770621"
CABIAO,"15.2512658, 120.8567919"
PILA,"14.2347317, 121.3640614"
LA CARLOTA CITY,"10.426872849999999, 122.92077876685069"
LICAB,"15.5403458, 120.7634483"
CITY OF NAVOTAS,"14.6571862, 120.9479692"
BAMBAN,"15.2733238, 120.5672692"
LAMBUNAO,"11.0553435, 122.4746304"
BUTUAN CITY (CAPITAL),"14.7485703, 121.07147265"
CITY OF TARLAC (CAPITAL),"15.4755, 120.5963"
MATANAO,"6.709707, 125.2170514"
CARIGARA,"11.3017446, 124.6872516"
CITY OF TAYABAS,"14.0263471, 121.5918364"
BAYOMBONG (CAPITAL),"16.4804, 121.1481"
CAMILING,"15.6864622, 120.414656"
BASISTA,"15.8679792, 120.4117592597337"
ALFONSO CASTANEDA,"15.793314, 121.3035569"
KALAMANSIG,"6.5545839, 124.050599"
INFANTA,"14.7469297, 121.6495987"
GUINOBATAN,"13.1904597, 123.5999458"
CITY OF TAGUM (CAPITAL),"7.4471, 125.8094"
CASTILLEJOS,"14.9320671, 120.2005402"
CITY OF URDANETA,"16.0037964, 120.5756295"
CITY OF PANABO,"7.29987, 125.6807086"
CITY OF MATI (CAPITAL),"6.9522, 126.2173"
CITY OF BALANGA (CAPITAL),"14.6799, 120.5421"
MARANTAO,"7.9482892, 124.2315699"
SAN PABLO CITY,"14.07477645, 121.3260380832028"
CITY OF DIGOS (CAPITAL),"6.7388, 125.3549"
MENDEZ (MENDEZ-NUÑEZ),"14.1200102, 120.9090779"
NAGCARLAN,"14.1332036, 121.4153448"
LUBAO,"14.9378136, 120.600497"
SAN SIMON,"14.9954506, 120.7791636"
LAUR,"15.5797175, 121.1865246"
MAJAYJAY,"14.1455816, 121.4725083"
CORDOVA,"10.21238825, 123.94960409471258"
JIMALALUD,"9.9791298, 123.2004503"
MABALACAT CITY,"15.210820900000002, 120.57892464124379"
APALIT,"14.9546856, 120.78306132562332"
CITY OF TALISAY,"10.253196599999999, 123.870345956212"
LAPU-LAPU CITY (OPON),"10.270553799999998, 124.05970731007221"
LABANGAN,"7.8633445, 123.5153101"
ASINGAN,"16.0037829, 120.6702443"
MOGPOG,"13.4735672, 121.8608199"
NOVELETA,"14.4278394, 120.8808454"
SANTA ROSA,"14.3146042, 121.1137004"
SAMPALOC,"14.6031403, 120.993417"
SABLAYAN,"12.8470382, 120.7799198"
TAGUDIN,"16.9345656, 120.445017"
CANDELARIA,"13.9289015, 121.4246794"
LA TRINIDAD (CAPITAL),"14.61948884709588, 121.02097981223851"
MANDAUE CITY,"10.3386873, 123.954666"
PULILAN,"14.9022688, 120.8487904"
CABAGAN,"17.4264795, 121.764914"
LUTAYAN,"6.5597164, 124.8581111"
BALAYAN,"13.9382014, 120.7294838"
TERESA,"14.5589166, 121.2080514"
CANDABA,"15.0923632, 120.8272514"
CITY OF SANTIAGO,"16.682545349999998, 121.55115494580835"
VICTORIA,"14.2270483, 121.3280871"
KALAYAAN,"8.36834215, 115.22364354934156"
TERNATE,"14.2863405, 120.7161314"
BAUANG,"16.5265951, 120.3292822"
BAY,"14.1809859, 121.284764"
BUSTOS,"14.954736, 120.919111"
SAN PASCUAL,"13.7844912, 121.0302229"
T'BOLI,"6.2138317, 124.8229251"
NAGA CITY,"10.2084724, 123.7590963"
CAVITE CITY,"14.4820919, 120.908919"
CITY OF ALAMINOS,"16.1505, 119.9856"
ANGONO,"14.5258481, 121.1529683"
QUEZON,"14.6510546, 121.0486254"
ALAMINOS,"16.1553857, 119.9792201"
PAOAY,"18.0617813, 120.5195093"
CONSOLACION,"10.3758052, 123.9572848"
DAGUPAN CITY,"16.04318125, 120.3341894658141"
SALLAPADAN,"17.4551443, 120.7599337"
LINGAYEN (CAPITAL),"16.0230735, 120.2380617"
AGOO,"16.3223973, 120.3670036"
BARAS,"14.5218512, 121.2658068"
CITY OF BATAC,"18.070750150000002, 120.58482448690073"
ROXAS CITY (CAPITAL),"14.6280168, 121.0216805"
SAN JUAN,"14.6044363, 121.0299469"
SAN FABIAN,"16.1221224, 120.4032449"
NAGUILIAN,"17.0231211, 121.8356"
PAGADIAN CITY (CAPITAL),"14.749003799879105, 121.06891207726875"
GEN. MARIANO ALVAREZ,"14.2954628, 121.0070814"
SANTA RITA,"15.0001444, 120.6173052"
CALUMPIT,"14.9151619, 120.7636605"
MAMBUSAO,"11.430179, 122.5971448"
PIAT,"17.7915986, 121.4771204"
GUAGUA,"14.9654074, 120.6336297"
CALAUAN,"14.1453986, 121.3149851"
CALACA,"13.9304212, 120.8130856"
TUBOD (CAPITAL),"7.9943, 123.8746"
CALBAYOG CITY,"12.12878875, 124.53690736158926"
DARAGA (LOCSIN),"13.1028, 123.6959"
ALTAVAS,"11.5375818, 122.4871569"
DUMALINAO,"7.8173115, 123.3626378"
ANGELES CITY,"15.1389351, 120.5875321"
CUENCA,"13.9015666, 121.0492427"
BALAGTAS (BIGAA),"14.844757348072529, 120.92276144044955"
JIMENEZ,"8.3343655, 123.8400281"
UNISAN,"13.8393046, 121.9763634"
SANTA CRUZ (CAPITAL),"14.5998366, 120.9801955"
SAN RAFAEL,"11.1801338, 122.8288492"
AGONCILLO,"13.934844, 120.92859"
SAN MARCELINO,"14.97381, 120.1562867"
TANAY,"14.4985359, 121.2856331"
SAN FELIPE,"15.0610588, 120.0702767"
SURALLAH,"6.3754689, 124.7475942"
PAETE,"14.3641222, 121.4815784"
BAUAN,"13.7903944, 121.0073471"
TRECE MARTIRES CITY (CAPITAL),"14.665138518951993, 121.08341143765826"
CITY OF TACURONG,"6.6914441, 124.6755756"
BANGA,"11.6393771, 122.332585"
DAUIS,"9.6252513, 123.8651747"
BINALONAN,"16.0444475, 120.5917707"
DATU ODIN SINSUAT (DINAIG),"7.013260413378793, 124.297595372593"
OBANDO,"14.71859215, 120.91757085421554"
MIDSAYAP,"7.1894644, 124.5328759"
GENERAL SANTOS CITY (DADIANGAS),"6.11383345, 125.1717636836255"
TARANGNAN,"11.9027186, 124.747471"
MAHINOG,"9.1559401, 124.7876921"
LILIW,"14.1303236, 121.4358499"
PAGSANJAN,"14.2727689, 121.4540022"
CITY OF KIDAPAWAN (CAPITAL),"7.0106, 125.0911"
PAKIL,"14.3807742, 121.4786229"
CITY OF KORONADAL (CAPITAL),"6.4974, 124.8472"
CAVINTI,"14.2453833, 121.5070018"
MAWAB,"7.5076424, 125.9207138"
PUERTO GALERA,"13.5017104, 120.9543353"
SANTA ANA,"18.4572501, 122.1421667"
TIAONG,"13.9596673, 121.3222989"
KAWIT,"14.4442564, 120.9035435"
CUYAPO,"15.77749, 120.6622842"
CALAUAG,"13.9572058, 122.287787"
PANDAN,"11.7198989, 122.0945769"
TAAL,"14.0106736, 120.9985863"
CITY OF VALENCIA,"7.9090958, 125.0913884"
PAVIA,"10.7748057, 122.5419293"
TUDELA,"10.6362844, 124.4700002"
RIZAL,"14.65, 121.25"
LAOAC,"16.0480995, 120.5471064"
SAN AGUSTIN,"16.5066966, 121.7474086"
MANSALAY,"12.5204987, 121.4389813"
BONGABONG,"12.7480016, 121.4892292"
ANGAT,"14.927794, 121.02914"
PUGO,"16.3202994, 120.4673523"
SAN LEONARDO,"15.361846, 120.9580253"
CITY OF CAUAYAN,"16.9166, 121.7879"
HERMOSA,"14.8302478, 120.5086406"
SAN CARLOS CITY,"13.3734258, 123.7191029"
CITY OF TABACO,"13.3593077, 123.7302007"
MEXICO,"15.0643509, 120.720544"
PITOGO,"13.783235, 122.08779"
SAN NICOLAS,"16.0703505, 120.7624714"
ZARAGOZA,"15.4475833, 120.7935538"
MABITAC,"14.4259361, 121.429439"
TALUGTUG,"15.7780706, 120.8080405"
ALIAGA,"15.5032754, 120.8455577"
SASMUAN (SEXMOAN),"14.9361811, 120.6226542"
JAEN,"15.3371423, 120.9059513"
DINALUPIHAN,"14.8673996, 120.461031"
PAGBILAO,"13.9716151, 121.6864374"
MATAASNAKAHOY,"13.9602142, 121.1145259"
NORZAGARAY,"14.905567, 121.0422641"
OTON,"10.693053, 122.4782709"
MALVAR,"14.0472848, 121.157631"
TAGAYTAY CITY,"14.1032297, 120.9317903"
LOPEZ,"13.8825115, 122.2611114"
MAGALANG,"15.2140936, 120.6616332"
PILAR,"9.836587, 124.3336883"
BURAUEN,"10.9748709, 124.8932225"
CONCEPCION,"15.3248528, 120.6553857"
CALUYA,"11.9318954, 121.5464906"
SUBIC,"14.8774796, 120.2344695"
LASAM,"18.0650426, 121.6012061"
PAOMBONG,"14.8363954, 120.7874997"
LA PAZ,"10.890486, 124.9577957"
LA CASTELLANA,"10.3230498, 123.0187418"
CAMALIG,"13.1815738, 123.6552668"
LUCBAN,"14.114401, 121.55486"
LAUREL,"14.0504677, 120.9332215"
BACNOTAN,"16.7202558, 120.3525941"
CORTES,"9.7224822, 123.8791768"
BALAOAN,"16.8221772, 120.4025888"
ARITAO,"16.2968923, 121.0340711"
BACO,"13.3581031, 121.0963319"
CITY OF TANJAY,"9.5164507, 123.1566353"
LAMUT,"16.6558187, 121.2092663"
MAGSAYSAY,"10.9397321, 121.08822475541037"
ZARRAGA,"10.8223786, 122.6095819"
BOLINAO,"16.3886595, 119.8932117"
BAGGAO,"17.9341539, 121.7716914"
CITY OF CARCAR,"10.10616585, 123.64375374424819"
MANAOAG,"16.0435664, 120.4873292"
ATIMONAN,"13.9989442, 121.9208446"
AURORA,"16.0474764, 121.6700916"
MINGLANILLA,"10.2458552, 123.7961275"
CITY OF LIGAO,"13.2407, 123.5380"
DAANBANTAYAN,"11.2503512, 123.999128"
BANTAYAN,"11.1666905, 123.7188816"
SANTA BARBARA,"15.9999235, 120.4051274"
CITY OF NAGA,"13.6240122, 123.1850318"
CATMON,"10.723822, 124.0137974"
HAGONOY,"14.8355035, 120.7335206"
MAGDALENA,"14.1996471, 121.4292603"
SANTA CRUZ,"14.2818099, 121.414977"
SIPOCOT,"13.766636, 122.9785788"
CITY OF CATBALOGAN (CAPITAL),"11.8240, 124.8403"
CAUAYAN,"16.9335031, 121.7743905"
LUISIANA,"14.1850164, 121.5100243"
OZAMIZ CITY,"8.1470175, 123.8459793"
BAGAC,"14.596782, 120.3923303"
MALITA (CAPITAL),"6.4118, 125.6132"
NAUJAN,"13.324239, 121.3030659"
MADRIDEJOS,"11.2962076, 123.7329261"
TIGAON,"13.6303411, 123.4965413"
IBAAN,"13.8185254, 121.1320975"
HINDANG,"10.434445, 124.7267437"
ROXAS,"11.5895171, 122.7500577"
LABO,"14.1543524, 122.8285243"
PINAMALAYAN,"13.0386691, 121.4801563"
LEMERY,"13.8845702, 120.914016"
ALLEN,"12.5011163, 124.2826577"
BOLJOON,"9.6289389, 123.4800179"
KAPATAGAN,"7.49543795, 124.18050787928334"
ENRIQUE B. MAGALONA (SARAVIA),"10.879055600000001, 122.97822150770995"
LILOAN,"10.3998487, 123.998762"
SANTO DOMINGO,"15.5863531, 120.8778206"
GLORIA,"12.9688453, 121.4785283"
GUINAYANGAN,"13.8963821, 122.4521906"
BANATE,"11.0013359, 122.8186296"
LIAN,"14.0361178, 120.653454"
REAL,"14.6652194, 121.6036941"
HINIGARAN,"10.2713832, 122.8519909"
ISLAND GARDEN CITY OF SAMAL,"7.0780265, 125.7120437"
BUENAVISTA,"10.0808818, 124.1117182"
BADIAN,"9.870125, 123.3989791"
PLARIDEL,"14.8863156, 120.8598985"
SAMBOAN,"9.5289902, 123.3071174"
SAN FERNANDO,"15.0283014, 120.6938038"
MAITUM,"6.0610443, 124.4965878"
BANISILAN,"7.5040807, 124.6946327"
POLOMOLOK,"6.2202374, 125.0628101"
M'LANG,"6.9466236, 124.8788732"
GENERAL EMILIO AGUINALDO,"14.1843333, 120.7964033"
CARMEN,"9.824334, 124.1983784"
TAYSAN,"13.7976856, 121.1889935"
BONGABON,"15.6321627, 121.1459259"
ALIMODIAN,"10.8167199, 122.4317369"
AROROY,"12.5118501, 123.3975552"
ALOGUINSAN,"10.2225279, 123.5485072"
PROSPERIDAD (CAPITAL),"14.664137949870032, 120.97111314988298"
SAN LUIS,"13.8549002, 120.9162216"
TUY,"14.0194625, 120.7304526"
REMEDIOS T. ROMUALDEZ,"9.0537567, 125.5863115"
SHARIFF AGUAK (MAGANOY) (CAPITAL),"6.8531, 124.3976"
AMADEO,"14.1698511, 120.9217943"
SUAL,"16.0662224, 120.0927615"
BUGASONG,"11.0441473, 122.0646896"
MADDELA,"16.3402627, 121.6831159"
DATU SAUDI-AMPATUAN,"6.9261327, 124.4145057"
SOUTH UPI,"6.8549414, 124.1439996"
BULUAN,"6.7166195, 124.7865943"
MANOLO FORTICH,"8.3678344, 124.8663083"
DATU PAGLAS,"6.7466118, 124.8699956"
SULTAN KUDARAT (NULING),"7.271093, 124.2919201"
CITY OF BAYBAY,"10.6778023, 124.7977531"
TAGBILARAN CITY (CAPITAL),"14.42894103051724, 121.03552987249005"
BOTOLAN,"15.2889971, 120.0247358"
PINAMUNGAHAN,"10.2699726, 123.5840189"
TACLOBAN CITY (CAPITAL),"14.430149413757992, 121.03639420595673"
DATU PIANG,"7.0287661, 124.499512"
SAN MANUEL,"16.0643792, 120.6681808"
VILLABA,"11.2140014, 124.3938038"
GUIMBA,"15.6603499, 120.7669137"
TALISAY,"10.2430205, 123.8488245"
IBA (CAPITAL),"14.627448224389406, 120.9913940922386"
LAOAG CITY (CAPITAL),"14.433352099999999, 121.03037529999999"
AGNO,"16.1156627, 119.799026"
BANGAR,"16.8937811, 120.4229597"
TANAUAN,"14.0853283, 121.1528222"
MALABUYOC,"9.6506355, 123.3244023"
TABUELAN,"10.822884, 123.8723508"
GUMACA,"13.9221715, 122.0991276"
JORDAN (CAPITAL),"14.428134439084431, 120.99768751298726"
SAN NARCISO,"13.5656208, 122.566514"
SULOP,"6.5966959, 125.3449838"
LIBERTAD,"11.769388, 121.9188237"
JARO,"11.1895192, 124.7831875"
SIBULAN,"9.3589133, 123.2853598"
BINDOY (PAYABON),"9.7615886, 123.1420831"
LA LIBERTAD,"10.0259479, 123.2347866"
TIPO-TIPO,"6.5003043, 122.1205817"
ITOGON,"16.3604946, 120.6776085"
AYUNGON,"9.8584222, 123.1435234"
RONDA,"10.0012191, 123.4092523"
IGBARAS,"10.7167462, 122.2652065"
BILAR,"9.7069602, 124.1044253"
CALASIAO,"16.0089487, 120.3571939"
TOLEDO CITY,"10.3749385, 123.6344069"
MANGALDAN,"16.0702806, 120.4037803"
CONNER,"17.7961291, 121.3225138"
SOGOD,"10.7471948, 124.0044727"
SANTANDER,"9.4170689, 123.3351935"
SAN FRANCISCO,"10.6459183, 124.3817679"
MOALBOAL,"9.9372185, 123.3921896"
DUMANJUG,"10.0584038, 123.4351815"
GOVERNOR GENEROSO,"6.6535259, 126.0720099"
MEDELLIN,"11.1283811, 123.9615625"
TOBOSO,"10.7169474, 123.5135576"
TAMPAKAN,"6.4437607, 124.9269132"
CALINTAAN,"12.5706215, 120.9416556"
DON CARLOS,"7.6803647, 124.9990723"
LEBAK,"6.6336717, 124.0657013"
BUNAWAN,"8.1787968, 125.9942065"
SIBONGA,"10.0173783, 123.6204663"
DANAO CITY,"10.5194879, 124.0271297"
MABINAY,"9.7355043, 122.926378"
CITY OF BOGO,"11.0515546, 124.00355238382583"
VALLEHERMOSO,"10.3354066, 123.3266886"
TABOGON,"10.9398633, 124.0277378"
BONIFACIO,"8.0522878, 123.6139434"
OSLOB,"9.5204466, 123.4335205"
DINGRAS,"18.1034564, 120.6977344"
ARGAO,"9.8813917, 123.6085598"
MURCIA,"10.6066483, 123.0404676"
ASTURIAS,"10.5677403, 123.7160037"
CITY OF LAMITAN (CAPITAL),"6.6615, 122.1065"
KOLAMBUGAN,"8.128968100000002, 123.89686187383185"
PANTABANGAN,"15.8073911, 121.1442251"
KAUSWAGAN,"8.1886898, 124.0864362"
DALAGUETE,"9.7619073, 123.5334094"
BALAMBAN,"10.504892, 123.7148228"
CITY OF TABUK (CAPITAL),"17.4117, 121.4384"
TINAMBAC,"13.8183125, 123.3253366"
SINDANGAN,"8.2373562, 122.9986125"
CATANAUAN,"13.5929805, 122.3223125"
CITY OF MALAYBALAY (CAPITAL),"8.1479, 125.1321"
VILLANUEVA,"8.5837261, 124.7698576"
BANI,"16.1839974, 119.8618795"
CITY OF ISABELA,"6.7053597, 121.9710604"
TANTANGAN,"6.6191395, 124.748923"
CORDON,"16.6739986, 121.4662357"
OLD PANAMAO,"5.9818846, 121.2140628"
TUBA,"16.3927028, 120.5602008"
VILLAREAL,"11.5675325, 124.9281544"
NAVAL (CAPITAL),"14.52625735, 121.02837400532441"
OAS,"13.2570425, 123.5001669"
ORMOC CITY,"11.05675605, 124.5058474404223"
PASTRANA,"11.1367152, 124.8864225"
COMPOSTELA,"10.4538391, 124.0124753"
MATALOM,"10.2821237, 124.7858627"
LAL-LO,"18.2000513, 121.661997"
HILONGOS,"10.3733001, 124.7488169"
ALCALA,"15.8443487, 120.5213759"
LAGAWE (CAPITAL),"16.8083, 121.1939"
BAGANGA,"7.5747096, 126.5616073"
CALUBIAN,"11.4467301, 124.4286683"
JOSE ABAD SANTOS (TRINIDAD),"5.9124898, 125.6445185"
BANAYBANAY,"6.9668999, 126.0107563"
ALANGALANG,"11.2066762, 124.8466247"
BATO,"10.32793, 124.7893242"
PADRE BURGOS,"13.915937, 121.8149517"
DAGAMI,"11.065407, 124.9032144"
BAIS CITY,"9.5880256, 123.11511419604709"
BUCLOC,"17.4409401, 120.8572514"
POONA BAYABAO (GATA),"7.8345, 124.3477"
LUMBA-BAYABAO (MAGUING),"7.7821, 124.4642"
GANDARA,"12.0132823, 124.811448"
SIATON,"9.0627498, 123.0337961"
IGUIG,"17.7501663, 121.7353806"
BALINDONG (WATU),"7.92, 124.2"
BARILI,"10.116537, 123.5093986"
ALMERIA,"11.620278, 124.381667"
PANTUKAN,"7.1268151, 125.8971404"
BAYANG,"7.793733, 124.1972049"
BACARRA,"18.2517377, 120.6106589"
BUTIG,"7.7436836, 124.3132473"
ALCOY,"9.7087266, 123.5073652"
BUGUIAS,"16.8019477, 120.8213833"
IRIGA CITY,"13.4222626, 123.4129406"
PUDTOL,"18.2380574, 121.3731587"
BOKOD,"16.4908636, 120.8298308"
LUNA,"16.9683863, 121.7293475"
MANKAYAN,"16.8572492, 120.7941421"
SAGAY CITY,"10.9061819, 123.37677503604276"
SANTA MARCELA,"18.2875298, 121.4359707"
TIGBAUAN,"10.6744469, 122.3761115"
MANABO,"17.4325474, 120.7041038"
SOLANA,"17.6509356, 121.6909171"
SAN JOSE CITY,"11.2071109, 125.0125921"
SAN SEBASTIAN,"11.7101392, 125.0175663"
GINGOOG CITY,"8.8232748, 125.1012978"
PORO,"10.628765, 124.4073439"
PALO,"11.159448, 124.9908138"
ABUYOG,"10.7467715, 125.0120993"
LIBAGON,"10.2962647, 125.0509042"
TUBURAN,"10.7285353, 123.8254215"
TABONTABON,"11.0426452, 124.9650854"
CABATUAN,"10.8798603, 122.4819482"
DON MARCELINO,"6.1978508, 125.6977653"
MARAMAG,"7.7611218, 125.0047932"
BAKUN,"16.7921592, 120.6611325"
FLORA,"18.2148452, 121.4191186"
MAHAYAG,"8.129548, 123.4378612"
LUPI,"13.790532, 122.9106882"
SABLAN,"16.4977556, 120.4872447"
GENERAL LUNA,"13.688262, 122.1711441"
POLILLO,"14.7144608, 121.9380942"
SAN MARIANO,"16.9835964, 122.0127684"
ENRILE,"17.5617622, 121.7007107"
BESAO,"17.0955228, 120.8565903"
TUPI,"6.3313349, 124.9511647"
CITY OF ESCALANTE,"10.8412, 123.4991"
HINOBA-AN (ASIA),"9.6021766, 122.4670994"
SAGBAYAN (BORJA),"9.913182, 124.0932027"
SOCORRO,"9.6183104, 125.9650671"
NASIPIT,"8.9884377, 125.3408268"
BASEY,"11.2799579, 125.0692113"
MASIU,"7.8184459, 124.3308048"
MALILIPOT,"13.3190483, 123.7392658"
ATOK,"16.6284453, 120.7693666"
CITY OF SORSOGON (CAPITAL),"12.9700, 124.0030"
BACOLOD-KALAWI (BACOLOD GRANDE),"7.8735, 124.1254"
SOLSONA,"18.0927008, 120.7726048"
MULONDO,"7.9170563, 124.3615673"
MATAG-OB,"11.1455709, 124.4722659"
TOMAS OPPUS,"10.3050067, 124.9795399"
BAROTAC VIEJO,"11.0419661, 122.8505181"
LAS NIEVES,"8.7359578, 125.6015136"
SIBALOM,"10.7889049, 122.017534"
HINUNANGAN,"10.3940404, 125.2001942"
BONTOC,"17.0891276, 120.977394"
KAPANGAN,"16.5751112, 120.597927"
SANTIAGO,"16.6915963, 121.5478637"
CITY OF MAASIN (CAPITAL),"10.1654, 124.8403"
TABANGO,"11.3061737, 124.371579"
IPIL (CAPITAL),"14.526452673869267, 121.03122376155841"
DUMARAO,"11.2632048, 122.6872028"
BUBONG,"7.9833903, 124.3855095"
BALILIHAN,"9.756499, 123.9728153"
MATANOG,"7.4668478, 124.2585697"
JAMINDAN,"11.4089123, 122.5105924"
GINATILAN,"9.5698839, 123.3124232"
CALINOG,"11.1225592, 122.5380376"
PATIKUL,"6.0889469, 121.1054959"
MANJUYOD,"9.6788502, 123.1488063"
DATU ANGGAL MIDTIMBANG,"6.9931618, 124.3415426"
HINGYON,"16.8511489, 121.0991923"
SOFRONIO ESPAÑOLA,"8.9636169, 118.0004439"
PIKIT,"7.0537358, 124.6722475"
CAPOOCAN,"11.2932356, 124.6426843"
JAGNA,"9.6501914, 124.3661633"
BORBON,"10.8379222, 124.0305935"
CAIBIRAN,"11.5723202, 124.5813362"
SUMILAO,"8.3288596, 124.9796874"
SINACABAN,"8.2852005, 123.8428482"
DAET (CAPITAL),"14.64668450289037, 121.00224793611933"
BILIRAN,"11.6, 124.49"
CITY OF VIGAN (CAPITAL),"17.5705, 120.3873"
ALCANTARA,"9.970227, 123.4029243"
CANDIJAY,"9.832764399999999, 124.49218376418239"
LUMBATAN,"7.7848782, 124.2552241"
BAGAMANOC,"13.9396368, 124.2878298"
SAN JOSE (CAPITAL),"14.6390684, 120.9933863"
KANANGA,"11.1847129, 124.561077"
PALOMPON,"11.0483792, 124.3825547"
SILAY CITY,"10.7994126, 122.9756149"
SAN REMIGIO,"11.0835479, 123.9366262"
CADIZ CITY,"10.9534091, 123.32437700811664"
CITY OF HIMAMAYLAN,"10.0988, 122.8710"
MOISES PADILLA (MAGALLON),"10.2704, 123.0758"
SANTA FE,"11.1537949, 123.8068632"
TALIBON,"10.1508006, 124.3269236"
ALABAT,"14.1057926, 122.0147195"
PANAON,"8.362795, 123.8409132"
MATUNGAO,"8.1332196, 124.1671308"
CITY OF CABADBARAN,"9.1232854, 125.5322317"
DULAG,"10.9532437, 125.0334522"
BINALBAGAN,"10.1937474, 122.8587743"
MALITBOG,"8.5328902, 124.8800965"
CLAVERIA,"18.6051605, 121.080641"
ANINI-Y,"10.4315482, 121.9249048"
TUBIGON,"9.9515287, 123.9618897"
LEON,"10.7806107, 122.3873916"
INABANGA,"10.0308864, 124.0656561"
ALAMADA,"7.3797893, 124.5565375"
PICONG (SULTAN GUMANDER),"7.6692304, 123.9670127245461"
ALORAN,"8.4164194, 123.8210876"
PUALAS,"7.8201575, 124.0801292"
GLAN,"5.8226991, 125.2049049"
MAIGO,"8.1586175, 123.9610824"
SAGUIARAN,"8.0340831, 124.2687239"
MADALUM,"7.8540188, 124.1140094"
LOON,"9.7997626, 123.7945228"
SAPANG DALAGA,"8.5422258, 123.5670307"
KITCHARAO,"9.4554207, 125.5755314"
DUEÑAS,"11.0651622, 122.6182682"
TANGUB CITY,"8.0609053, 123.7512585"
BULDON,"7.5144498, 124.3710663"
HADJI MUHTAMAD,"6.6595969, 121.6045202"
NEW BATAAN,"7.5480137, 126.1371638"
MARGOSATUBIG,"7.5755699, 123.1659362"
SIBUNAG,"10.5036984, 122.6306958"
LIBUNGAN,"7.2417, 124.5175504"
OROQUIETA CITY (CAPITAL),"14.6078103, 120.9827151"
TIWI,"13.4569196, 123.6796912"
BOSTON,"7.8703434, 126.3764259"
SALVADOR,"7.9031902, 123.8408099"
CLARIN,"9.9626104, 124.0244228"
MAHAPLAG,"10.6052385, 124.9646732"
SIGMA,"11.4211672, 122.6658275"
BACLAYON,"9.6221823, 123.9131571"
SINILOAN,"14.4215284, 121.444412"
BUGALLON,"15.9540627, 120.2149613"
GASAN,"13.3241764, 121.8467339"
DINAS,"7.61586, 123.3391016"
LINGIG,"8.0383384, 126.4122956"
TABINA,"7.4632266, 123.4091717"
TUKURAN,"7.8539377, 123.5800322"
BINGAWAN,"11.233264, 122.5669641"
TALAVERA,"15.5843049, 120.917903"
CATARMAN (CAPITAL),"14.7486426, 121.07371434999999"
MOLAVE,"8.0927689, 123.4849176"
GUIPOS,"7.7292028, 123.321345"
TULUNAN,"6.8300214, 124.8736479"
ALEGRIA,"9.7293873, 123.3396747"
SAN ENRIQUE,"11.0724172, 122.6558905"
CLAVER,"9.5730277, 125.7326841"
ILAGAN CITY (CAPITAL),"14.646629244394669, 121.02527800023196"
MALABANG,"7.5927798, 124.0686251"
SANTA TERESITA,"13.8694631, 120.9766388"
CALATRAVA,"10.5940442, 123.4763844"
IMELDA,"7.6419191, 122.9357772"
MALALAG,"6.5918589, 125.4008825"
TAMBULIG,"8.0692761, 123.536314"
AL-BARKA,"6.41344265, 122.26348327639519"
MACO,"7.368797, 125.8556637"
MANAPLA,"10.92318465, 123.12223676623185"
BANTAY,"17.5820178, 120.3896288"
LEYTE,"10.95, 124.85"
CITY OF VICTORIAS,"10.9013412, 123.0714943"
MABINI (DOÑA ALICIA),"7.3001, 125.9370"
TUBARAN,"7.7450128, 124.1841657"
ILOG,"10.0242067, 122.7691808"
BINIDAYAN,"7.7949244, 124.1670371"
BINMALEY,"16.0289195, 120.2684844"
TUBUNGAN,"10.7653357, 122.318261"
ISABELA,"17.0, 122.0"
MINALIN,"14.9681787, 120.6849187"
CITY OF BISLIG,"8.2130815, 126.3156173"
LOBOC,"9.6370754, 124.0308694"
ZUMARRAGA,"11.6381908, 124.8403412"
TOLOSA,"11.0634389, 125.0375888"
UMINGAN,"15.9272139, 120.8407438"
BUSUANGA,"12.1318372, 119.9370716"
LAVEZARES,"12.534318, 124.3305278"
CALAPE,"9.8905133, 123.8718668"
GABALDON (BITULOK & SABANI),"15.455720417705164, 121.36226570342605"
MANUKAN,"8.5161638, 123.0919375"
VALENCIA (LUZURRIAGA),"9.2817803, 123.2446771"
CITY OF CANDON,"17.1874, 120.4467"
MARAGUSAN (SAN MARIANO),"7.3362, 126.1328"
SAINT BERNARD,"10.2794927, 125.1394863"
PIÑAN (NEW PIÑAN),"8.3924, 123.4271"
SAN ROQUE,"12.5397442, 124.8748842"
POLANCO,"8.531082, 123.3629972"
LUPON,"6.8977121, 126.0118409"
SAN JORGE,"11.9789352, 124.8248769"
TRENTO,"8.043508, 126.0633157"
MUTIA,"8.4200174, 123.4762768"
CITY OF PASSI,"11.1043309, 122.6438583"
BANSALAN,"6.7869339, 125.2108071"
ARINGAY,"16.390563669004045, 120.35615547197358"
SULTAN NAGA DIMAPORO (KAROMATAN),"7.79207595, 123.71620378547692"
MANGATAREM,"15.7885355, 120.2938639"
SAN VICENTE,"10.5270058, 119.2562819"
AGUILAR,"15.8890372, 120.2384199"
SALUG,"8.1074204, 122.7576885"
MALINAO,"13.3974574, 123.7049776"
SIBUCO,"7.2924807, 122.0667351"
PASACAO,"13.5102072, 123.0411504"
DUERO,"9.7084523, 124.406042"
POZORRUBIO,"16.1102814, 120.5452288"
AMLAN (AYUQUITAN),"9.4444, 123.1801"
LUPAO,"15.8770143, 120.8995214"
NUEVA VALENCIA,"10.5264005, 122.5400201"
PONTEVEDRA,"10.3751168, 122.866821"
BULA,"13.4683491, 123.2778401"
BALATAN,"13.3404136, 123.2523634155423"
CITY OF GUIHULNGAN,"10.1206, 123.2717"
VALDERRAMA,"11.0018524, 122.129408"
SANTA CATALINA,"17.5888763, 120.3633196"
LAAK (SAN VICENTE),"7.5969823000000005, 125.7589234"
VALENCIA,"7.9028844, 125.0898033"
MASANTOL,"14.8928667, 120.7052547"
CARAGA,"9.2471392, 125.85395915843998"
ESPERANZA,"6.722561, 124.5205706"
PIGKAWAYAN,"7.2785835, 124.424275"
UPI,"7.0103624, 124.160434"
SAN DIONISIO,"11.2711575, 123.0949468"
BATAD,"11.4180961, 123.1099182"
LABRADOR,"16.025725, 120.1464644"
SIBAGAT,"8.996050050000001, 125.75887844157515"
MONKAYO,"7.8239526, 126.0536908"
DANGCAGAN,"7.6121042, 125.0071631"
BARUGO,"11.3246577, 124.734946"
PANGANTUCAN,"7.8297721, 124.8288119"
DARAM,"11.6349892, 124.7957703"
CARLES,"11.5735531, 123.133556"
JOSE DALMAN (PONOT),"8.3803, 123.0564"
PILILLA,"14.4811791, 121.3075948"
ANTEQUERA,"9.7809304, 123.8981433"
SAN JUAN (CABALIAN),"10.275326549999999, 125.17062983737031"
DUMANGAS,"10.8215809, 122.712398"
SIBUTAD,"8.6126898, 123.4801814"
ABRA DE ILOG,"13.4444905, 120.7288218"
PANITAN,"11.4631934, 122.7687618"
PARANAS (WRIGHT),"11.7836179, 125.01779847106327"
CATIGBIAN,"9.8593137, 124.0053953"
AMULUNG,"17.8363234, 121.7231165"
BAGO CITY,"10.539521350000001, 122.84313984331465"
MAINIT,"9.537827, 125.5225869"
MANITO,"13.1242602, 123.8677604"
BATARAZA,"8.6733047, 117.6286933"
BRAULIO E. DUJALI,"7.448674, 125.6895921"
SAN LORENZO,"10.5919964, 122.7021327"
SILAGO,"10.5285405, 125.1623205"
CATARMAN,"12.499648, 124.6364767"
MADALAG,"11.5265494, 122.306494"
NARVACAN,"17.4194242, 120.4769173"
SAN JOAQUIN,"10.5870845, 122.1417478"
BUADIPOSO-BUNTONG,"7.9654, 124.37615"
LAPUYAN,"7.6365859, 123.1981442"
TUBOD,"8.0486582, 123.7961839"
BABATNGON,"11.4231843, 124.8448166"
MOTIONG,"11.7782064, 124.9986798"
DEL CARMEN,"9.8687641, 125.9705006"
SIOCON,"7.7064072, 122.1359108"
SAPAD,"7.8458435, 123.8364762"
LIBONA,"8.3322722, 124.7474107"
NABUA,"13.4075246, 123.3730644"
POTOTAN,"10.9421197, 122.6358296"
KAWAYAN,"11.9283971, 123.7692131"
SULTAN MASTURA,"7.2981511, 124.2852328"
LORETO,"8.1871373, 125.8531529"
PINTUYAN,"9.9443786, 125.2489351"
CANTILAN,"9.3357754, 125.9770212"
VINCENZO A. SAGUN,"7.5150492, 123.1708909"
CULASI,"11.4257994, 122.0561023"
LANTAWAN,"6.6383734, 121.84012"
LAKEWOOD,"7.8545421, 123.1515109"
BARBAZA,"11.1958667, 122.0389309"
KABUGAO (CAPITAL),"18.0172, 121.1842"
MAASIN,"10.1325061, 124.8385147"
MAGSINGAL,"17.6851901, 120.4257345"
JULITA,"10.9723393, 124.9623212"
LEGANES,"10.785528, 122.5888137"
ASUNCION (SAUG),"7.5382999, 125.753854"
TAGOLOAN,"8.1268565, 124.2767478"
DUMINGAG,"8.1544879, 123.3448435"
PRESENTACION (PARUBCAN),"13.7367, 123.7406"
LALA,"7.9733694, 123.7476509"
CABUCGAYAN,"11.4729535, 124.5749974"
BURGOS,"16.0593938, 119.8649284"
SAN JACINTO,"16.0735396, 120.4370716"
GUBAT,"12.9176112, 124.1231882"
PILI (CAPITAL),"13.5579093, 123.269508158341"
CATEEL,"7.7901142, 126.4537908"
CANAMAN,"13.637844099999999, 123.14634322306654"
SIQUIJOR (CAPITAL),"9.21386205, 123.51426605"
ALBUERA,"10.9166552, 124.6943663"
DONSOL,"12.9077161, 123.5986056"
MARIPIPI,"11.7784058, 124.3484417"
DIMIAO,"9.6057125, 124.1623535"
MACALELON,"13.7476253, 122.1404468"
TAGKAWAYAN,"13.9656058, 122.5392058"
PANGIL,"14.4029123, 121.4677652"
HADJI MOHAMMAD AJUL,"6.642755, 122.2732208"
CITY OF BAYAWAN (TULONG),"9.3661533, 122.804837"
BAAO,"13.4531948, 123.3663867"
BALIANGAO,"8.6603518, 123.6024796"
PRIETO DIAZ,"13.0404252, 124.1935375"
SANTA IGNACIA,"15.6161567, 120.4359327"
LAGONOY,"13.7353849, 123.520948"
PAMBUJAN,"12.5639616, 124.9282311"
MALLIG,"17.2112124, 121.6108848"
PURA,"15.6236937, 120.6469386"
KINOGUITAN,"8.9840257, 124.7911165"
IROSIN,"12.7038417, 124.0320966"
SANCHEZ-MIRA,"18.5603984, 121.2342313"
CITY OF KABANKALAN,"10.00392345, 122.80592064395273"
BULAN,"6.1333333, 121.8333333"
SANTA ELENA,"14.1799094, 122.3923266"
SANTA LUCIA,"17.1204469, 120.4491232"
CUARTERO,"11.3411591, 122.6694276"
MARIBOJOC,"9.7409309, 123.8429701"
ARAYAT,"15.1504805, 120.772694"
JANIUAY,"10.949146, 122.5019623"
BALASAN,"11.472018, 123.0887179"
CAN-AVID,"11.9968852, 125.4485155"
TUBAO,"16.3470326, 120.4126153"
VIRAC (CAPITAL),"13.5849, 124.2066"
MALUSO,"6.5441937, 121.8696486"
JOLO (CAPITAL),"14.749057350000001, 121.06943035"
SUMISIP,"6.4192786, 122.0341261"
URBIZTONDO,"15.8223901, 120.3293751"
BALABAGAN,"7.5093206, 124.127834"
ISULAN (CAPITAL),"14.748500305374877, 121.0695204915494"
NUNUNGAN,"7.7874638, 123.9104982"
GETAFE,"10.1497111, 124.1535145"
WAO,"7.6382215, 124.7241605"
NATIVIDAD,"16.0427467, 120.7946807"
BALINGASAG,"8.7428634, 124.7755689"
UNGKAYA PUKAN,"6.495604, 122.105704"
MALUNGON,"6.375677, 125.2680723"
PAYAO,"7.50094875, 122.71301627667295"
UBAY,"10.0540129, 124.4740811"
PULUPANDAN,"10.5192005, 122.8034563"
TUBLAY,"16.4748754, 120.6327365"
GAINZA,"13.601563500000001, 123.12119642993326"
AKBAR,"6.6653464, 122.1954435"
TUNGAWAN,"7.6012214, 122.421282"
SAN GABRIEL,"16.673886, 120.4011842"
LIANGA,"8.6330237, 126.0934758"
MILAGROS,"12.218165, 123.5093507"
CARAMORAN,"13.9838351, 124.1338718"
APARRI,"18.3573529, 121.6374711"
KIANGAN,"16.7791729, 121.0856785"
CUYO,"10.8551218, 121.008475"
BROOKE'S POINT,"8.7736019, 117.8389787"
GENERAL TINIO (PAPAYA),"15.3634, 121.2168"
PALUAN,"13.4158295, 120.4626484"
LAOANG,"12.5688537, 125.0152917"
TIGBAO,"7.8208072, 123.2235087"
PLACER,"11.8702901, 123.9182252"
TAGBINA,"8.4573568, 126.1590719"
RAGAY,"13.8210634, 122.78763"
DEL GALLEGO,"13.9225812, 122.5938087"
SISON,"16.1726711, 120.5096939"
BATUAN,"9.7840762, 124.1491353"
PAMPLONA,"18.4641165, 121.3405544"
TAMPARAN,"7.8765155, 124.3264879"
CITY OF SIPALAY,"9.7198, 122.4920"
DIPOLOG CITY (CAPITAL),"14.5369952, 121.03918568021274"
TALAKAG,"8.2323589, 124.6031485"
PIAGAPO,"7.989793, 124.1796138"
LABASON,"8.0650994, 122.5249426"
BALETE,"14.0173703, 121.0953576"
ANAO,"15.7286873, 120.6266345"
KABACAN,"7.1082139, 124.8233384"
BADIANGAN,"10.9863355, 122.5367496"
PIDDIG,"18.1635915, 120.7165263"
CALABANGA,"13.708545, 123.2157561"
GANASSI,"7.8260261, 124.1018827"
ALFONSO LISTA (POTIA),"16.9258489, 121.4862314"
RAJAH BUAYAN,"6.9077057, 124.5514195"
NORALA,"6.5212891, 124.6604473"
OLUTANGA,"7.310729, 122.8451368"
SAN ANDRES,"14.5727895, 121.004113"
DOLORES,"14.0170009, 121.4016469"
MAYANTOC,"15.6192819, 120.3779681"
SALVADOR BENEDICTO,"10.577077, 123.220367"
PADRE GARCIA,"13.8804288, 121.2137777"
NEW LUCENA,"10.8776999, 122.596704"
KAPAI,"8.0736026, 124.3638057"
DAO,"11.3940224, 122.6852422"
MANDAON,"12.2266459, 123.2849134"
GIGAQUIT,"9.5958188, 125.697637"
BASUD,"14.06904, 122.9627842"
AJUY,"11.1713335, 123.0199077"
LANTAPAN,"7.9983082, 125.0228905"
INDANAN,"5.9728882, 120.9702286"
PRESIDENT ROXAS,"7.1577578, 125.0513245"
CITY OF BAYUGAN,"8.7226205, 125.7347276"
MINA,"10.9300742, 122.5742724"
LINAMON,"8.1839585, 124.1569454"
BALUD,"12.0384347, 123.1933683"
GONZAGA,"18.2612024, 121.9966488"
ISABEL,"10.9260948, 124.4343966"
GUIUAN,"11.0306685, 125.7236686"
KAPALONG,"7.5855037, 125.7076466"
KIBLAWAN,"6.6206059, 125.2542074"
SAN FRANCISCO (AURORA),"13.2978, 122.5599"
ANGADANAN,"16.7568394, 121.7480912"
INOPACAN,"10.5003419, 124.7398262"
PARACELIS,"17.1809095, 121.4036126"
SAN CLEMENTE,"15.7121843, 120.3602147"
MIDSALIP,"8.0307675, 123.3171861"
TALIPAO,"5.9750727, 121.114474"
NAAWAN,"8.4336209, 124.2909727"
DINGLE,"11.0000758, 122.6717839"
MAASIM,"5.8610055, 124.9967013"
NABUNTURAN (CAPITAL),"7.6038, 125.9632"
DUMALAG,"11.3042392, 122.6214871"
BAROY,"8.0244948, 123.7794482"
KABASALAN,"7.7974574, 122.7619459"
AGDANGAN,"13.8759428, 121.9141841"
TITAY,"7.8692108, 122.5607307"
DIPLAHAN,"7.6915261, 122.9851526"
CORON,"11.9985507, 120.2051611"
RIZAL (MARCOS),"9.034095, 117.6425658"
PARANG,"5.9138656, 120.9069555"
BONTOC (CAPITAL),"14.526834040779658, 121.04754416836975"
KADINGILAN,"7.6001249, 124.9099274"
NUMANCIA,"11.704435, 122.3288949"
DATU BLAH T. SINSUAT,"7.0678918, 124.0189526"
KIAMBA,"5.9879555, 124.6241575"
CARAMOAN,"13.7681398, 123.8624978"
CALAMBA,"14.2060217, 121.1556496"
GAMU,"17.0473401, 121.8333707"
OPOL,"8.44700535, 124.53628627709304"
MUNAI,"8.0787755, 124.052425"
DELFIN ALBANO (MAGSAYSAY),"17.3045743, 121.7789303"
BAGUMBAYAN,"14.4735802, 121.0589607"
TALISAYAN,"8.9974839, 124.8846137"
CAMALANIUGAN,"18.273536, 121.6757107"
CALBIGA,"11.6274469, 125.0170454"
KALAWIT,"7.9077809, 122.5239358"
BASAY,"9.4079168, 122.640498"
DUPAX DEL SUR,"16.2842827, 121.091306"
NEW CORELLA,"7.5860365, 125.8225661"
LOBO,"13.6476552, 121.2102789"
DOÑA REMEDIOS TRINIDAD,"14.9706036, 121.0647854"
CITY OF MASBATE (CAPITAL),"12.3574, 123.5504"
CALATAGAN,"13.8329883, 120.6322361"
GARCIA HERNANDEZ,"9.614319, 124.2954003"
ZAMBOANGUITA,"9.1004649, 123.1994244"
BULALACAO (SAN PEDRO),"13.4329212, 123.5181186"
MATNOG,"12.5854588, 124.0847727"
CAPUL,"12.4230698, 124.1822429"
MAPANDAN,"16.0269118, 120.4537476"
MONTEVISTA,"7.7030449, 125.9879183"
GIGMOTO,"13.7786693, 124.3911728"
PATNONGON,"10.9133046, 121.9950021"
PALAUIG,"15.4334062, 119.9099993"
GOA,"13.6973443, 123.4885073"
ABORLAN,"9.4371009, 118.5484168"
LAGUINDINGAN,"8.5747178, 124.4408927"
PEÑABLANCA,"17.6248562, 121.7844749"
SIERRA BULLONES,"9.8078938, 124.2913422"
MAGALLANES,"14.1874692, 120.7573248"
RAMON,"16.7815027, 121.5351148"
TANUDAN,"17.2815631, 121.2317848"
QUIRINO,"16.283333, 121.583333"
CAJIDIOCAN,"12.3687233, 122.6865217"
BANGUED (CAPITAL),"17.5882, 120.6315"
DANGLAS,"17.6933042, 120.6644745"
CORCUERA,"12.7840784, 122.0474912"
BURDEOS,"14.8435644, 121.9693383"
BALER (CAPITAL),"14.646370505216508, 121.02146874399791"
PANAY,"11.1728123, 122.55576877103715"
ENRIQUE VILLANUEVA,"9.2762125, 123.6471289"
SARANGANI,"5.874722, 125.275278"
DUPAX DEL NORTE,"16.3073041, 121.1017442"
ANILAO,"10.9789447, 122.7511638"
JONES,"16.561296, 121.7022613"
PAGUDPUD,"18.5593916, 120.7869782"
ANTIPAS,"7.2475903, 125.0550521"
TAPAZ,"11.2620268, 122.5358792"
MA-AYON,"11.3871513, 122.7811911"
BACUAG,"9.6084227, 125.6382344"
MERCEDES,"11.0986331, 125.710348"
PALAYAN CITY (CAPITAL),"14.6643555, 121.0519743"
BENITO SOLIVEN,"16.9865052, 121.9578429"
TANDUBAS,"5.1349924, 120.3460023"
SAGÑAY,"13.6044805, 123.5216164"
VILLASIS,"15.9015861, 120.5883085"
BALOI,"8.1155656, 124.2220178"
SAN RICARDO,"9.9139621, 125.2764986"
ALUBIJID,"8.5704786, 124.4711949"
SAN PABLO,"14.0700502, 121.3255974"
BALUNGAO,"15.8977234, 120.67179"
DAUIN,"9.1897165, 123.26577"
NEW WASHINGTON,"11.6508856, 122.4320224"
DAPA,"9.7577166, 126.0528849"
BAUNGON,"8.3126139, 124.6872041"
BAMBANG,"16.3850624, 121.1054715"
MATALAM,"7.0897351, 124.9022956"
BUHI,"13.4342347, 123.5171171"
BALINGOAN,"9.0038881, 124.8502124"
NARRA,"9.2694766, 118.4039018"
MALAPATAN,"5.9707512, 125.2882717"
MAKATO,"11.7116342, 122.2924728"
MANTICAO,"8.4032763, 124.2888219"
JIABONG,"11.7628314, 124.9501866"
HAMTIC,"10.7003591, 121.9808152"
SAN QUINTIN,"15.9843124, 120.8131571"
MAMBURAO (CAPITAL),"13.2682, 120.6205"
MALIMONO,"9.6182968, 125.401648"
LAZI,"9.1284365, 123.6338696"
VALLADOLID,"10.461548, 122.8234493"
CAMALIGAN,"13.6210464, 123.1639475"
CANLAON CITY,"10.386953, 123.2186238"
CAPALONGA,"14.3310366, 122.4924688"
MAYOYAO,"16.9726024, 121.2221163"
PEREZ,"14.1935057, 121.9243637"
SITANGKAI,"4.6625499, 119.3938939"
DANAO,"10.5194879, 124.0271297"
DUMARAN,"10.5290452, 119.7692022"
BONGAO (CAPITAL),"5.1042, 119.8121"
MANAY,"7.2109327, 126.5399142"
IVISAN,"11.521667, 122.690833"
PADADA,"6.6388664, 125.3419089"
MAYORGA,"10.9034481, 125.0059346"
MAGUING,"7.8887846, 124.3712164"
GAMAY,"12.3867359, 125.3015079"
VERUELA,"8.0710344, 125.9540733"
LOPE DE VEGA,"12.2995428, 124.6249992"
BANAUE,"16.9117913, 121.0614068"
ALABEL (CAPITAL),"6.1042, 125.2879"
SIBUTU,"4.8408032, 119.458997"
OCAMPO,"13.5581721, 123.3729397"
MERIDA,"10.9081163, 124.5383375"
CANDONI,"9.8306756, 122.6429611"
ESTANCIA,"11.4560924, 123.1510998"
SARA,"11.2566801, 123.0143933"
TOBIAS FORNIER (DAO),"10.5160978, 121.94525986941176"
RIZAL (LIWAN),"17.4930, 121.6055"
TRINIDAD,"10.0792217, 124.3430533"
LILA,"9.5906941, 124.0953479"
RAMON MAGSAYSAY (LIARGO),"8.0042, 123.4608"
KABUNTALAN (TUMBAO),"7.1180891, 124.3639908"
IBAJAY,"11.820578, 122.1618962"
LIBON,"13.2988701, 123.4360839"
MEDINA,"8.911603, 125.0245634"
PAGALUNGAN,"7.0599392, 124.6992377"
LARENA,"9.2488946, 123.5910019"
ALEOSAN,"7.1585808, 124.5774001"
POONA PIAGAPO,"8.1328988, 124.1177626"
FAMY,"14.4354493, 121.4491564"
SANTO NIÑO,"17.8839124, 121.5692104"
LUGAIT,"8.3431526, 124.2597747"
MAUBAN,"14.1900544, 121.7314732"
SIKATUNA,"9.6878902, 123.9740416"
PANGLIMA SUGALA (BALIMBING),"5.0722433, 119.8842215"
CITY OF BORONGAN (CAPITAL),"11.6080, 125.4329"
BANGUI,"18.5367387, 120.7657563"
JASAAN,"8.6504031, 124.7547085"
TAPUL,"5.7051707, 120.8818507"
PINUKPUK,"17.5759915, 121.3674483"
VINZONS,"14.1739546, 122.907596"
LACUB,"17.6643781, 120.9456603"
KITAOTAO,"7.6389703, 125.0089657"
CALAYAN,"19.2612602, 121.4756285"
PAGAGAWAN,"7.077019, 124.7487629"
DAPITAN CITY,"8.6549449, 123.4243754"
MAGDIWANG,"12.4913166, 122.5146837"
ANDA,"9.7440884, 124.5754446"
PRES. MANUEL A. ROXAS,"8.5183, 123.2328"
MASINLOC,"15.5386413, 119.9496856"
BACONG,"9.2452115, 123.2951117"
LUBANG,"13.8592951, 120.1227812"
LILOY,"8.1215661, 122.6737425"
LOAY,"9.6001121, 124.0103952"
ARACELI,"10.5535521, 119.9891472"
LAKE SEBU,"6.2259996, 124.7115688"
POLA,"13.1435504, 121.4416056"
TINOC,"16.6754703, 120.9363914"
SIRUMA,"14.0205642, 123.2586653"
PANTAR,"8.061219, 124.2642034"
HINATUAN,"8.3656147, 126.3358067"
LAGONGLONG,"8.8058529, 124.7877432"
POLANGUI,"13.3227666, 123.51281383021617"
CAGDIANAO,"9.9238959, 125.6698325"
EL NIDO (BACUIT),"11.1816874, 119.386887"
CITY OF TANDAG (CAPITAL),"9.1012, 126.1589"
PANTAO RAGAT,"8.0610559, 124.1846453"
SEVILLA,"9.7032416, 124.0457161"
SALCEDO (BAUGEN),"17.1503, 120.5481"
BUUG,"7.7309445, 123.0598716"
LLANERA,"15.6624599, 121.0220525"
BAUTISTA,"15.8104339, 120.4761471"
CULION,"11.8905322, 120.0220973"
PINABACDAO,"11.6134513, 124.9836777"
SANTA,"17.4859899, 120.4345364"
SUDIPEN,"16.9060713, 120.4618395"
SALAY,"8.8588765, 124.7868157"
SANTA MARGARITA,"12.0379945, 124.6577853"
TIBIAO,"11.2886284, 122.0342615"
MOBO,"12.3366103, 123.6580769"
TUMAUINI,"17.2740459, 121.809876"
MAGPET,"7.102802, 125.1247716"
BALENO,"12.4738762, 123.4975215"
BIEN UNIDO,"10.1407871, 124.376916"
ARAKAN,"7.3522459, 125.1281821"
GODOD,"8.0019148, 122.8438815"
SIAY,"7.7093782, 122.86725"
TALAINGOD,"7.6325607, 125.5751491"
CATAINGAN,"11.9996467, 123.9978457"
LAUA-AN,"11.1429506, 122.0416027"
TINGLAYAN,"17.2659982, 121.1482339"
GUINDULUNGAN,"6.9766551, 124.3862549"
BADOC,"17.9267006, 120.4740893"
ANAHAWAN,"10.3446543, 124.8665247"
PAGSANGHAN,"11.9653658, 124.7212558"
TAGO,"9.0194997, 126.2331544"
TUNGA,"11.2460631, 124.7512738"
MAKILALA,"6.9591335, 125.089577"
MAPANAS,"12.4752025, 125.255472"
KIBUNGAN,"16.6950155, 120.6550855"
ALMAGRO,"11.9115831, 124.2863622"
PIO V. CORPUZ (LIMBUHAN),"11.8841584, 124.04726487570176"
PINILI,"17.9526115, 120.5273877"
SILVINO LOBOS,"12.3266874, 124.8469461"
MULANAY,"13.5231551, 122.4043437"
SAN JOSE DE BUAN,"12.0529566, 125.0254897"
DIPACULAO,"15.8483803, 121.5367634"
TAGANA-AN,"9.6973759, 125.5826923"
SANTA JOSEFA,"7.9844761, 126.0288095"
DITSAAN-RAMAIN,"7.9788768, 124.3516506"
DUMALNEG,"18.5203924, 120.812245"
USON,"12.2251109, 123.78466"
SANTO DOMINGO (LIBOG),"13.2342002, 123.7785364"
CAOAYAN,"17.5468059, 120.3827051"
PIDIGAN,"17.570304, 120.5899441"
PASUQUIN,"18.3339819, 120.6194886"
VINTAR,"18.2306726, 120.6491506"
SAN FRANCISCO (ANAO-AON),"9.7785695, 125.4219894"
LAWAAN,"11.1403377, 125.3009712"
GUINDULMAN,"9.7619221, 124.4879217"
MACROHON,"10.0766352, 124.9401658"
PEÑARANDA,"15.3525981, 120.999887"
TUBAY,"9.1650676, 125.5226912"
REINA MERCEDES,"16.9850846, 121.8279423"
TALAYAN,"6.9841524, 124.3560226"
BUCAY,"17.5384336, 120.7187526"
CASIGURAN,"16.2770406, 122.1233258"
KIBAWE,"7.5687481, 124.9856942"
VILLAVICIOSA,"17.4378456, 120.6256845"
BELISON,"10.8374618, 121.9621456"
MINALABAC,"13.39068915, 123.15397232280563"
SANTA PRAXEDES,"18.5634924, 120.9908099"
MALANGAS,"7.6321118, 123.0303669"
BAYABAS,"8.9674102, 126.2828165"
JABONGA,"9.3425441, 125.5163749"
BANSUD,"12.8640556, 121.4555057"
CARRASCAL,"9.3688403, 125.9495398"
MADRID,"9.2617815, 125.9637534"
BALLESTEROS,"18.4094347, 121.5147489"
RAMOS,"15.6658597, 120.6397227"
ROMBLON (CAPITAL),"14.66743505, 120.99783835"
LOPEZ JAENA,"8.5530838, 123.7657748"
BARIRA,"7.4705878, 124.355677"
ALBURQUERQUE,"9.6103538, 123.9569048"
JAVIER (BUGHO),"10.7929104, 124.9362671"
LUBA,"17.3173222, 120.6946459"
TALACOGON,"8.4486711, 125.7861565"
NAGA,"13.6240122, 123.1850318"
TANGCAL,"8.0459087, 123.9418102"
TAYUG,"16.0275524, 120.7443637"
MAMASAPANO,"6.8926767, 124.500925"
GENERAL MACARTHUR,"11.2453437, 125.5397546"
CABUSAO,"13.7273308, 123.1126991"
LLORENTE,"11.4123071, 125.5455987"
BUMBARAN,"7.7854607, 124.6821593"
TARRAGONA,"7.0497523, 126.4489837"
ARTECHE,"12.2695499, 125.371313"
LAS NAVAS,"12.3381782, 125.0310474"
LIMASAWA,"9.9251181, 125.0740924"
GITAGUM,"8.5944139, 124.4057538"
MARIHATAG,"8.8005575, 126.2985386"
TADIAN,"16.9956909, 120.8217222"
TAFT,"11.9049131, 125.4164158"
PANGANIBAN (PAYO),"13.9081674, 124.30082"
GIPORLOS,"11.1210881, 125.4489009"
KATIPUNAN,"8.5124998, 123.2846423"
CAWAYAN,"11.9283971, 123.7692131"
INITAO,"8.4975425, 124.3056107"
TUGAYA,"7.883728, 124.17801"
CULABA,"11.6555955, 124.540621"
SAN JUAN (LAPOG),"7.7431, 120.4583"
MARCOS,"18.0434949, 120.6783103"
LUMBAYANAGUE,"7.7830764, 124.2814217"
DIMASALANG,"12.1931384, 123.8586018"
DAMULOG,"7.4871764, 124.9465238"
CATUBIG,"12.407868, 125.0544364"
VILLAVERDE,"16.6050644, 121.1836015"
QUINAPONDAN,"11.1577552, 125.5212969"
SANTA MAGDALENA,"12.6463261, 124.1079114"
TUBO,"17.2582154, 120.7248438"
KASIBU,"16.3177797, 121.2941105"
SAGADA,"17.0852054, 120.8989806"
TAYUM,"17.6180712, 120.6535488"
JOSE PANGANIBAN,"14.2903434, 122.691494"
BAYOG,"7.8498431, 123.0430506"
LINAPACAN,"11.4911664, 119.8680499"
KUMALARANG,"7.747914, 123.1439281"
ABULUG,"18.4434854, 121.4572732"
SIASI,"5.5451683, 120.8151131"
LAGANGILANG,"17.6126919, 120.7336564"
CASTILLA,"12.9539515, 123.8751711"
CERVANTES,"16.989946, 120.7354563"
SAN JULIAN,"11.7549638, 125.455276"
ORAS,"12.1410311, 125.4408359"
SANTO NIÑO (FAIRE),"17.8820299, 121.5704472578084"
BALANGIGA,"11.1074484, 125.387454"
TUBAJON,"10.3200557, 125.5589422"
SANTOL,"16.7721697, 120.4600563"
MARIA AURORA,"15.7982599, 121.4723121"
BALBALAN,"17.4414357, 121.2016265"
GUINSILIBAN,"9.0965036, 124.7848761"
TONGKIL,"6.0710519, 121.7848726"
MAGARAO,"13.6607081, 123.1851888"
HERNANI,"11.3232473, 125.6190691"
NABAS,"11.828728, 122.0924043"
SAN GUILLERMO,"16.7209774, 121.8094689"
DASOL,"15.9902346, 119.8811438"
SCIENCE CITY OF MUÑOZ,"15.7135413, 120.9039451"
PARACALE,"14.2793266, 122.7868453"
MAGSAYSAY (LINUGOS),"8.9622, 125.2039"
MARABUT,"11.1075864, 125.2125372"
PALANAS,"12.1459982, 123.9222245"
HINUNDAYAN,"10.3513466, 125.2529731"
DINGALAN,"15.3894081, 121.3927168"
CARRANGLAN,"15.9606628, 121.0638705"
AGUTAYA,"11.1511823, 120.9394557"
SIMUNUL,"4.8980374, 119.8218352"
JOVELLAR,"13.0693487, 123.6002707"
MAYDOLONG,"11.5010171, 125.5016828"
BOMBON,"13.6858046, 123.1989068"
MABUHAY,"14.617587460434086, 121.00173710261697"
PASIL,"17.3890052, 121.1581968"
PANUKULAN,"14.9337995, 121.815067"
BARCELONA,"12.8682088, 124.1418908"
GARCHITORENA,"13.8818495, 123.6977233"
HINABANGAN,"11.7015287, 125.0657794"
DILASAG,"16.393824, 122.2114756"
BAGABAG,"16.6055376, 121.2533079"
ALILEM,"16.8859992, 120.5306897"
MACARTHUR,"10.8354762, 124.9958814"
SIRAWAI,"7.5852175, 122.140523"
MAMBAJAO (CAPITAL),"9.2322, 124.7078"
DIADI,"16.6606225, 121.3693297"
BUGUEY,"18.2882302, 121.832126"
BATAN,"11.5869107, 122.4962482"
ITBAYAT,"20.7878139, 121.8414735"
SAN ANDRES (CALOLBON),"13.59921125, 124.09993481360756"
CITY OF EL SALVADOR,"8.5618, 124.5246"
MARIA,"9.1962369, 123.6551893"
PEÑARRUBIA,"17.5638344, 120.652673"
SALCEDO,"17.1510694, 120.536337"
SAPI-AN,"11.497103599999999, 122.5441645463356"
JUBAN,"12.8478899, 123.9890815"
BAUKO,"16.9902652, 120.865329"
CALANASAN (BAYAG),"18.2551106, 121.0434944"
QUIRINO (ANGKAKI),"17.1031, 120.6890"
JOMALIG,"14.6958792, 122.3306656"
LUBUAGAN,"17.3527589, 121.1758075"
NAGTIPUNAN,"16.2177804, 121.6053532"
RAPU-RAPU,"13.1856583, 124.1267772"
SARRAT,"18.1568444, 120.6443463"
CABUGAO,"17.7944818, 120.4549514"
KALINGALAN CALUANG,"5.8890311, 121.30945"
MAPUN (CAGAYAN DE TAWI-TAWI),"7.0081659, 118.47336833159272"
GEN. S.K. PENDATUN,"6.11306415, 125.1705428139781"
LAGAYAN,"17.720616, 120.7059814"
BULUSAN,"12.7517375, 124.1352434"
AGLIPAY,"16.4907744, 121.585819"
MAROGONG,"7.6754959, 124.153302"
MONREAL,"12.6441423, 123.6637788"
PIO DURAN,"13.0296985, 123.4431423"
PALAPAG,"12.5455937, 125.1149936"
SANTA MONICA (SAPAO),"10.0192, 126.0387"
LIBJO (ALBOR),"10.19436735, 125.53032660934093"
KAYAPA,"16.3580559, 120.8871609"
SOMINOT (DON MARIANO MARCOS),"8.02643528602555, 123.41133789074698"
GALIMUYOD,"17.183128, 120.4692241"
CABARROGUIS (CAPITAL),"16.4199, 121.5142"
MONDRAGON,"12.5161482, 124.7526387"
SULAT,"11.8152123, 125.4530073"
MACONACON,"17.3871286, 122.2379036"
SANTA MARIA (IMELDA),"12.3940106, 122.0944559"
SAGAY,"10.8960681, 123.4154617"
BOBON,"12.5257804, 124.5641977"
PRES. CARLOS P. GARCIA (PITOGO),"10.121, 124.553"
NATONIN,"17.1074577, 121.2747091"
DIFFUN,"16.5935291, 121.5024247"
CORELLA,"9.6876964, 123.921306"
IMPASUG-ONG,"8.3060497, 124.9975379"
PALIMBANG,"6.2102983, 124.1883549"
SAN POLICARPO,"12.1797056, 125.5072461"
VIGA,"13.8715307, 124.3087305"
BOLINEY,"17.3790583, 120.8198364"
BAROBO,"8.5365118, 126.1206907"
DATU ABDULLAH SANGKI,"6.7666556, 124.481723"
SHARIFF SAYDONA MUSTAPHA,"6.8816312, 124.4843998"
CALANOGAS,"7.7335431, 124.07895"
KALILANGAN,"7.7465169, 124.7476141"
BARLIG,"17.0409263, 121.0997536"
TAMPILISAN,"7.9759459, 122.6638655"
CURRIMAO,"18.0194482, 120.4868281"
PRESIDENT QUIRINO,"6.7002854, 124.7381005"
AGUINALDO,"14.1843333, 120.7964033"
GENERAL NAKAR,"14.7636785, 121.6352959"
BACUNGAN (LEON T. POSTIGO),"8.13936325, 122.86568505"
PANGUTARAN,"6.3041267, 120.5718076"
AMPATUAN,"6.8321846, 124.4571005"
BACOLOD,"10.6762836, 122.9513786"
LAPINIG,"12.3172219, 125.3016342"
ALLACAPAN,"18.225865, 121.5560253"
PATNANUNGAN,"14.7537047, 122.2184319"
LEZO,"11.6671058, 122.3286614"
AMBAGUIO,"16.5331234, 121.0277675"
SUGBONGCOGON,"8.9562619, 124.7881272"
HUNGDUAN,"16.8377827, 121.0054468"
BANAYOYO,"17.2362842, 120.4797383"
TANGALAN,"11.7770629, 122.2601806"
TURTLE ISLANDS,"6.0731504, 118.3125904"
CAGWAIT,"8.9182742, 126.2982546"
SEN. NINOY AQUINO,"15.7290511, 120.6264442"
BAGULIN,"16.6062112, 120.4373211"
SINAIT,"17.8657434, 120.4571865"
SAGUDAY,"16.5400855, 121.5635618"
SULTAN SA BARONGIS (LAMBAYONG),"6.8826611, 124.6002051"
BASCO (CAPITAL),"14.587836906245846, 120.97558560138332"
NUEVA ERA,"17.9152782, 120.6644106"
PAGAYAWAN (TATARIKAN),"7.7488, 124.1198"
TALUSAN,"7.426643, 122.8088179"
CABANGLASAN,"8.0773336, 125.2987545"
SABTANG,"20.3347734, 121.8722738"
SABANGAN,"17.0035277, 120.9236583"
LANUZA,"9.233675, 126.0603779"
ROSELLER LIM,"7.6563848, 122.4631545"
PANDAG,"6.7411968, 124.7836552"
TINGLOY,"13.6619736, 120.8695102"
DIMATALING,"7.5284648, 123.3648382"
ASIPULO,"16.7222884, 121.0664555"
TARAKA,"7.8998799, 124.3339467"
MADAMBA,"7.8588264, 124.050705"
TALALORA,"11.5309574, 124.835473"
MATUGUINAO,"12.1443682, 124.885257"
LUMBACA-UNAYAN,"7.749628, 124.2059475"
CAGAYANCILLO,"9.577868, 121.1993551"
NAMPICUAN,"15.7321724, 120.6386089"
SAN LORENZO RUIZ (IMELDA),"14.1189, 122.8710"
MAIMBUNG,"5.9327986, 121.0247434"
LANGIDEN,"17.5761072, 120.563939"
KABAYAN,"16.623226, 120.8384772"
NORTHERN KABUNTALAN,"7.2019857, 124.4764312"
BURUANGA,"11.8444711, 121.8882356"
BALIGUIAN,"7.8097453, 122.1451356"
BALABAC,"7.9864527, 117.0647312"
MANGUDADATU,"6.6467834, 124.7859734"
DATU SALIBO,"6.9767315, 124.4823832"
LUUK,"5.9680048, 121.3135327"
LOOC,"12.2601878, 121.9916272"
BIRI,"12.6816045, 124.3618377"
ODIONGAN,"12.3997875, 121.9819686"
BANNA (ESPIRITU),"17.9799546, 120.6549681"
MASLOG,"12.1578533, 125.2471693"
SAN ESTEBAN,"17.3311208, 120.4445227"
LIDLIDDA,"17.2517706, 120.5210619"
SIGAY,"17.0425835, 120.5804799"
BALANGKAYAN,"11.4730301, 125.5107176"
DINALUNGAN,"16.1403381, 121.9575186"
PALANAN,"17.0628683, 122.4292704"
COLUMBIO,"6.6850678, 124.9614497"
SUGPON,"16.8444574, 120.516718"
DINAGAT,"9.9612337, 125.5918632"
SEBASTE,"11.5896899, 122.0958588"
JOSEFINA,"8.2148124, 123.5436197"
SAN TEODORO,"13.4365332, 121.0199119"
BASILISA (RIZAL),"10.1039, 125.5767"
CARASI,"18.1414459, 120.821757"
ADAMS,"18.4613108, 120.903571"
SAN BENITO,"9.9584758, 126.0060276"
DATU HOFFER AMPATUAN,"6.8580635, 124.4245711"
DIVILACAN,"17.3325917, 122.2996515"
TALITAY,"7.0352152, 124.3745009"
SOUTH UBIAN,"5.1873927, 120.4955419"
DINAPIGUE,"16.5258231, 122.2621516"
SAN EMILIO,"17.2382931, 120.5787045"
LICUAN-BAAY (LICUAN),"17.6090816, 120.9054377"
TAGAPUL-AN,"12.0478901, 124.1585829"
DAGUIOMAN,"17.458889, 120.9262943"
BINUANGAN,"8.921055, 124.7850158"
SADANGA,"17.1682043, 121.0264409"
GUTALAC,"7.9809872, 122.4052632"
MALIBCONG,"17.563315, 120.9890692"
LUGUS,"5.7020738, 120.8189755"
TAGOLOAN II,"8.0798345, 124.4157352"
SUYO,"16.983764, 120.5151368"
SIAYAN,"20.9056924, 121.9035459"
SAPA-SAPA,"5.0901662, 120.2733204"
NAGBUKEL,"17.4472774, 120.5260318"
DAGOHOY,"9.8963715, 124.2711696"
OMAR,"6.0084369, 121.3877453"
SULTAN DUMALONDONG,"7.75749, 124.2574747"
HADJI PANGLIMA TAHIL (MARUNGGAS),"6.1105436, 120.9665742"
UYUGAN,"20.3495326, 121.9380527"
LANGUYAN,"5.2675824, 120.0787785"
GREGORIO DEL PILAR (CONCEPCION),"17.1188, 120.6186"
FERROL,"12.3363938, 121.9394694"
IVANA,"20.3709221, 121.9145002"
BANTON,"12.9459465, 122.0960131"
PAGLAT,"6.7806618, 124.7850687"
TINEG,"17.7829065, 120.943593"
PANGLIMA ESTINO (NEW PANAMAO),"5.9564, 121.1825"
SERGIO OSMEÑA SR.,"8.2956667, 123.5082447"
DATU UNSAY,"6.8812524, 124.4355823"
PANDAMI,"5.541792, 120.8013302"
PATA,"5.8457184, 121.1445068"
JIPAPAD,"12.2699395, 125.20271571329901"
MAHATAO,"20.4164659, 121.948428"
COTABATO CITY <POBLACION>,"7.2566774372121925, 124.28606070526448"
TABUAN-LASA,"6.3192339, 121.9291468"
